job_title,company,date_posted,job_short_des,skills,location,salary,experience
Java Developer,LDT TECHNOLOGY,1 day ago,"Job Description:1. Having a general understanding of the Agile Methodology.2. Having good hands on experience on Spring , Spring boot , Hibernate ...","['java developer', 'java executive', 'Java Eclipse', 'java handling', 'MySQL', 'PostgreSQL', 'MongoDB']",Other City(s) in Punjab,10-15Lakhs,6 - 10 Years
Java internship in Ahmedabad,Maxgen Technologies,Posted 2 days ago,"Maxgen Technologies pvt ltd offers live project internship ahmedabad .we are offering internships in core java , advance java and hibernate developme...",['.'],"Ahmedabad,  Bhavnagar,  Junagarh,  Rajkot,  Surendranagar",Notdisclosed,0 - 1 Years
Java Internship in Pune,Maxgen Technologies,Posted 2 days ago,"Maxgen Technologies pvt ltd offering data science internship in pune. internships we are offering in core java , a dvance java and hibernateprogarm.w...",['.'],"Pune,  Amravati,  Dhule,  Sangli,  Satara",1-2Lakhs,0 - 1 Years
Java Backend Developer  ( 36795 ) -Sat Drive - J48406,SAMPOORNA CONSULTANTS PVT LTD,3 days ago,"Experience you would be expected to haveMandatory 4-7 years of experience in the following technologies Java J2EE , Spring Boot Microservices archit...","['Core Java', 'Automation Testing']",Bengaluru / Bangalore,7-22Lakhs,4 - 7 Years
PHP Developer Job In  GERMANY,PRIMEX IMMIGRATION LLP,1 day ago,"For more information Call & WhatsApp on -Eight Four Four Eight Three Two One One Three Two Writing clean , maintainable , and efficient PHP codeIn...","['PHP Developing', 'php developer', 'software developer', 'PHP c ++ Java', 'Database']",Germany,50-98Lakhs,3 - 8 Years
PHP Developer Required In UNITED KINGDOM,PRIMEX IMMIGRATION LLP,1 day ago,For more information Call & WhatsApp on -Eight Four Four Eight Three Two One One Three TwoTroubleshoot and fix any glitches or errors in web program...,"['PHP Developing', 'php developer', 'software developer', 'PHP c ++ Java', 'Database']",,50-98Lakhs,5 - 10 Years
PHP Developer Job  In  DUBAI,PRIMEX IMMIGRATION LLP,Posted 2 days ago,For more information Call & WhatsApp on -Eight Four Four Eight Three Two One One Three Two Collaborate with the project team to understand applicati...,"['PHP Developing', 'php developer', 'software developer', 'PHP c ++ Java', 'Database']",Dubai,50-98Lakhs,2 - 7 Years
PHP Developer Job In  GERMANY,PRIMEX IMMIGRATION LLP,Posted 2 days ago,For more information Call & WhatsApp on -Eight Four Four Eight Three Two One One Three Two Conducting analysis of website and application requiremen...,"['PHP Developing', 'php developer', 'software developer', 'PHP c ++ Java', 'Database']",Germany,50-98Lakhs,5 - 10 Years
B.Tech Project Internship in PHP,Sparks To Ideas,1 day ago,"Company Name:Sparks to Ideas Location:Ahmedabad , Gujarat Duration: 3 / 6 MonthsAbout Us:Sparks to Ideasis a leading IT company specializing in cutt...","['Java script', 'Database Magement', 'CSS', 'Jquary', 'Laravel', 'Problem solving', 'Object Oriented Programme']",Ahmedabad,1-5Lakhs,0 - 1 Years
Winter Internship for cyber security,Sparks To Ideas,1 day ago,Are you passionate about cybersecurity and eager to dive into the world of digital defense? Join us for a winter internship where youll gain hands-on ...,"['CISA level 1', 'CISA level 2', 'Advance ethical haking']",Ahmedabad,1-5Lakhs,0 - 1 Years
Java Developer,Electrobrain modern technologies pvt ltd,few days ago,Java developer roles will vary greatly depending on companies and job positions. Here are some typical roles and responsibilities of java developers:C...,"['Java Programmer', 'java developer', 'software developer', 'software engineer', 'developer', 'senior software engineer', 'software programmer', 'programmer', 'senior software developer']","Madurai,  Nagercoil",9-14Lakhs,3 - 8 Years
Java Developer,Electrobrain modern technologies pvt ltd,few days ago,Java developer roles will vary greatly depending on companies and job positions. Here are some typical roles and responsibilities of java developers:C...,"['Java Programmer', 'java developer', 'software developer', 'software engineer', 'developer', 'senior software engineer', 'software programmer', 'programmer', 'senior software developer']","Meerut,  Moradabad,  Muzaffarnagar",9-14Lakhs,3 - 8 Years
Java Developer,Electrobrain modern technologies pvt ltd,few days ago,Java developer roles will vary greatly depending on companies and job positions. Here are some typical roles and responsibilities of java developers:C...,"['Java Programmer', 'java developer', 'software developer', 'software engineer', 'developer', 'senior software engineer', 'software programmer', 'programmer', 'senior software developer']","Daman & Diu,  Lakshdweep,  Adilabad",9-14Lakhs,3 - 8 Years
Java Developer,LDT TECHNOLOGY,few days ago,"Job Description:1. Having a general understanding of the Agile Methodology.2. Having good hands on experience on Spring , Spring boot , Hibernate ...","['Java Developer', 'Java programmer', 'Agile Methodology', 'Spring', 'Spring boot', 'Hibernate', 'Rest Apis', 'ORM framework', 'MySQL', 'PostgreSQL', 'MongoDB', 'Automated testing', 'testable code']",Other City(s) in Punjab,10-15Lakhs,5 - 10 Years
Java Developer,Electrobrain modern technologies pvt ltd,few days ago,Java developer roles will vary greatly depending on companies and job positions. Here are some typical roles and responsibilities of java developers:C...,"['Java Programmer', 'java developer', 'software developer', 'software engineer', 'developer', 'senior software engineer', 'software programmer', 'programmer', 'senior software developer']","Kanpur,  Lucknow,  Mathura",9-14Lakhs,3 - 8 Years
Java Developer,Electrobrain modern technologies pvt ltd,few days ago,Java developer roles will vary greatly depending on companies and job positions. Here are some typical roles and responsibilities of java developers:C...,"['Java Programmer', 'java developer', 'software developer', 'software engineer', 'developer', 'senior software engineer', 'software programmer', 'programmer', 'senior software developer']","Dehradun,  Haldwani,  Haridwar",9-14Lakhs,3 - 8 Years
Java Developer,Electrobrain modern technologies pvt ltd,few days ago,Java developer roles will vary greatly depending on companies and job positions. Here are some typical roles and responsibilities of java developers:C...,"['Java Programmer', 'java developer', 'software developer', 'software engineer', 'developer', 'senior software engineer', 'software programmer', 'programmer', 'senior software developer']","Asansol,  Burdwan,  Durgapur",9-14Lakhs,3 - 8 Years
Java Developer,Electrobrain modern technologies pvt ltd,few days ago,Java developer roles will vary greatly depending on companies and job positions. Here are some typical roles and responsibilities of java developers:C...,"['Java Programmer', 'java developer', 'software developer', 'software engineer', 'developer', 'senior software engineer', 'software programmer', 'programmer', 'senior software developer']","Bhiwandi,  Bhusawal,  Buldhana",9-14Lakhs,3 - 8 Years
Java Developer,Electrobrain modern technologies pvt ltd,few days ago,Java developer roles will vary greatly depending on companies and job positions. Here are some typical roles and responsibilities of java developers:C...,"['Java Programmer', 'java developer', 'software developer', 'software engineer', 'developer', 'senior software engineer', 'software programmer', 'programmer', 'senior software developer']","Akola,  Amravati,  Aurangabad",9-14Lakhs,3 - 8 Years
Java Developer,Electrobrain modern technologies pvt ltd,few days ago,Java developer roles will vary greatly depending on companies and job positions. Here are some typical roles and responsibilities of java developers:C...,"['Java Programmer', 'java developer', 'software developer', 'software engineer', 'developer', 'senior software engineer', 'software programmer', 'programmer', 'senior software developer']","Agra,  Aligarh,  Allahabad,  Bareilly,  Faizabad",9-14Lakhs,3 - 8 Years
Java Developer,Electrobrain modern technologies pvt ltd,few days ago,Java developer roles will vary greatly depending on companies and job positions. Here are some typical roles and responsibilities of java developers:C...,"['Java Programmer', 'java developer', 'software developer', 'software engineer', 'developer', 'senior software engineer', 'software programmer', 'programmer', 'senior software developer']","Jabalpur,  Katni,  Ratlam",9-14Lakhs,3 - 8 Years
Java Developer,Electrobrain modern technologies pvt ltd,few days ago,Java developer roles will vary greatly depending on companies and job positions. Here are some typical roles and responsibilities of java developers:C...,"['Java Programmer', 'java developer', 'software developer', 'software engineer', 'developer', 'senior software engineer', 'software programmer', 'programmer', 'senior software developer']","Belgaum,  Bellary,  Bidar",9-14Lakhs,3 - 8 Years
Java Developer,Electrobrain modern technologies pvt ltd,few days ago,Java developer roles will vary greatly depending on companies and job positions. Here are some typical roles and responsibilities of java developers:C...,"['Java Programmer', 'java developer', 'software developer', 'software engineer', 'developer', 'senior software engineer', 'software programmer', 'programmer', 'senior software developer']","Tirupati,  Vijayawada,  Visakhapatnam",9-14Lakhs,3 - 8 Years
Java Developer,Electrobrain modern technologies pvt ltd,few days ago,Java developer roles will vary greatly depending on companies and job positions. Here are some typical roles and responsibilities of java developers:C...,"['Java Programmer', 'java developer', 'software developer', 'software engineer', 'developer', 'senior software engineer', 'software programmer', 'programmer', 'senior software developer']","Delhi,  Delhi/NCR,  Gurgaon",9-14Lakhs,3 - 8 Years
Java Developer,Electrobrain modern technologies pvt ltd,few days ago,Java developer roles will vary greatly depending on companies and job positions. Here are some typical roles and responsibilities of java developers:C...,"['Java Programmer', 'java developer', 'software developer', 'software engineer', 'developer', 'senior software engineer', 'software programmer', 'programmer', 'senior software developer']","Bhopal,  Gwalior,  Indore",9-14Lakhs,3 - 8 Years
